{"times":[0,0.033333,0.066667,0.1,0.133333,0.166667,0.2,0.233333,0.266667,0.3,0.333333,0.366667,0.4,0.433333,0.466667,0.5,0.533333,0.566667,0.6,0.633333,0.666667,0.7,0.733333,0.766667,0.8,0.833333,0.866667,0.9,0.933333,0.966667,1,1.033333,1.066667,1.1,1.133333,1.166667,1.2,1.233333,1.266667,1.3,1.333333,1.366667,1.4,1.433333,1.466667,1.5,1.533333,1.566667,1.6,1.633333,1.666667,1.7,1.733333,1.766667,1.8,1.833333,1.866667,1.9,1.933333,1.966667,2,2.033333,2.066667,2.1,2.133333,2.166667,2.2,2.233333,2.266667,2.3,2.333333,2.366667,2.4,2.433333,2.466667,2.5,2.533333,2.566667,2.6,2.633333,2.666667,2.7,2.733333,2.766667,2.8,2.833333,2.866667,2.9,2.933333,2.966667,3,3.033333,3.066667,3.1,3.133333,3.166667,3.2,3.233333,3.266667,3.3,3.333333,3.366667,3.4,3.433333,3.466667,3.5,3.533333,3.566667,3.6,3.633333,3.666667,3.7,3.733333,3.766667,3.8,3.833333,3.866667,3.9,3.933333,3.966667,4,4.033333,4.066667,4.1,4.133333,4.166667,4.2,4.233333,4.266667,4.3,4.333333,4.366667,4.4,4.433333,4.466667,4.5,4.533333,4.566667,4.6,4.633333,4.666667,4.7,4.733333,4.766667,4.8,4.833333,4.866667,4.9,4.933333,4.966667,5,5.033333,5.066667,5.1,5.133333,5.166667,5.2,5.233333,5.266667,5.3,5.333333,5.366667,5.4,5.433333,5.466667,5.5,5.533333,5.566667,5.6,5.633333,5.666667,5.7,5.733333,5.766667,5.8,5.833333,5.866667,5.9,5.933333,5.966667,6,6.033333,6.066667,6.1,6.133333,6.166667,6.2,6.233333,6.266667,6.3,6.333333,6.366667,6.4,6.433333,6.466667,6.5,6.533333,6.566667,6.6,6.633333,6.666667,6.7,6.733333,6.766667,6.8,6.833333,6.866667,6.9,6.933333,6.966667,7,7.033333,7.066667,7.1,7.133333,7.166667,7.2,7.233333,7.266667,7.3,7.333333,7.366667,7.4,7.433333,7.466667,7.5,7.533333,7.566667,7.6,7.633333,7.666667,7.7,7.733333,7.766667,7.8,7.833333,7.866667,7.9,7.933333,7.966667,8,8.033334,8.066667,8.1,8.133333],"minY":[0.374285,0.373134,0.371968,0.370787,0.365197,0.364349,0.366315,0.364361,0.364334,0.369267,0.369263,0.369124,0.368806,0.368312,0.366635,0.364744,0.350496,0.350912,0.360805,0.343738,0.36124,0.361582,0.361496,0.361313,0.360419,0.359822,0.351182,0.357097,0.357256,0.352693,0.346228,0.352536,0.360736,0.360101,0.362262,0.362625,0.362097,0.360986,0.35958,0.358149,0.357004,0.356307,0.35638,0.352642,0.353123,0.353276,0.353294,0.353357,0.353421,0.353498,0.35366,0.353795,0.354,0.354271,0.354737,0.355782,0.357703,0.359869,0.362197,0.364344,0.366116,0.367393,0.36804,0.372817,0.373243,0.373446,0.373537,0.373967,0.374678,0.375494,0.37621,0.377306,0.378783,0.380641,0.382316,0.383623,0.384375,0.384513,0.384343,0.384409,0.383921,0.384068,0.384198,0.384182,0.383972,0.383696,0.383424,0.383239,0.382963,0.382867,0.382139,0.382273,0.379962,0.371572,0.374495,0.381131,0.380515,0.388659,0.39561,0.398759,0.401034,0.401631,0.399357,0.397271,0.394809,0.387843,0.376626,0.365168,0.35702,0.352098,0.348594,0.346622,0.346256,0.347873,0.350566,0.353746,0.35641,0.358333,0.35938,0.35922,0.360302,0.360811,0.356414,0.34385,0.338145,0.350033,0.361647,0.351946,0.353438,0.361072,0.360537,0.362529,0.359438,0.362704,0.367613,0.36924,0.362706,0.362084,0.367935,0.367204,0.366787,0.367829,0.367829,0.366222,0.368635,0.36934,0.369625,0.369502,0.369081,0.368553,0.368251,0.368397,0.368045,0.367685,0.366805,0.366906,0.367881,0.368754,0.368964,0.368316,0.367139,0.366046,0.36497,0.364118,0.363716,0.36323,0.361952,0.359713,0.357217,0.354664,0.352421,0.351512,0.351028,0.351189,0.351787,0.352794,0.354934,0.358078,0.361185,0.362787,0.362961,0.361691,0.361286,0.360673,0.359918,0.358963,0.3581,0.357082,0.356185,0.355435,0.354882,0.355689,0.355683,0.356046,0.356473,0.35667,0.356647,0.35624,0.356064,0.356606,0.356856,0.355698,0.352398,0.348944,0.342364,0.332772,0.322533,0.31142,0.298999,0.285886,0.273189,0.261552,0.252016,0.245146,0.240688,0.237031,0.234272,0.232097,0.230373,0.228813,0.227254,0.225699,0.22418,0.222774,0.221692,0.220691,0.219837,0.219176,0.218669,0.218313,0.218123,0.217887,0.217874,0.217895,0.217836,0.217851,0.218836,0.219193,0.219409,0.219789,0.220177,0.220608,0.221164,0.221902,0.223259]}