{"times":[0,0.133333,0.266667,0.4,0.533333,0.666667,0.8,0.933333,1.066667,1.2,1.333333,1.466667,1.6,1.733333,1.866667,2,2.133333,2.266667,2.4,2.533333,2.666667,2.8,2.933333,3.066667,3.2,3.333333,3.466667,3.6,3.733333,3.866667,4,4.133333,4.266667,4.4,4.533333,4.666667,4.8,4.933333,5.066667,5.2,5.333333,5.466667,5.6,5.733333,5.866667,6,6.133333,6.266667,6.4,6.533333,6.666667,6.8,6.933333,7.066667,7.2,7.333333,7.466667,7.6,7.733333,7.866667,8,8.133333,8.266666,8.4,8.533334,8.666667,8.8,8.933333,9.066667,9.2,9.333333,9.466666,9.6,9.733334,9.866667,10,10.133333,10.266666,10.4,10.533334,10.666667,10.8,10.833333],"minY":[0.374285,0.365197,0.364334,0.368806,0.350496,0.36124,0.360419,0.357256,0.360736,0.362097,0.357004,0.353123,0.353421,0.354,0.357703,0.366116,0.373243,0.374678,0.378783,0.384375,0.383921,0.383972,0.382963,0.379962,0.380515,0.401034,0.394809,0.35702,0.346256,0.35641,0.360302,0.338145,0.353438,0.359438,0.362706,0.366787,0.368635,0.369081,0.368045,0.367881,0.367139,0.363716,0.357217,0.351028,0.354934,0.362961,0.359918,0.356185,0.355683,0.356647,0.356856,0.342364,0.298999,0.252016,0.234272,0.227254,0.221692,0.218669,0.217874,0.218836,0.220177,0.223259,0.227217,0.229414,0.230816,0.235642,0.252117,0.273951,0.317842,0.37312,0.389164,0.393528,0.38577,0.347082,0.359079,0.376811,0.375823,0.373911,0.374687,0.37464,0.374067,0.374202,0.374201]}