{"times":[0,0.1,0.2,0.3,0.4,0.5,0.6,0.7,0.8,0.9,1,1.1,1.2,1.3,1.4,1.5,1.6,1.7,1.8,1.9,2,2.1,2.2,2.3,2.4,2.5,2.6,2.7,2.8,2.9,3,3.1,3.2,3.3,3.4,3.5,3.6,3.7,3.8,3.9,4,4.1,4.2,4.3,4.4,4.5,4.6,4.7,4.8,4.9,5,5.1,5.2,5.3,5.4,5.5,5.6,5.7,5.8,5.9,6,6.1,6.2,6.3,6.4,6.5,6.6,6.7,6.8,6.9,7,7.1,7.2,7.3,7.4,7.5,7.6,7.7,7.8,7.9,8,8.1,8.2,8.3,8.4,8.5,8.6,8.7,8.8,8.9,9,9.1,9.2,9.3,9.4,9.5,9.6,9.7,9.8,9.9,10,10.1,10.2,10.3,10.4,10.5,10.6,10.7,10.8,10.833333],"minY":[0.374285,0.370787,0.366315,0.369267,0.368806,0.364744,0.360805,0.361582,0.360419,0.357097,0.346228,0.360101,0.362097,0.358149,0.35638,0.353276,0.353421,0.353795,0.354737,0.359869,0.366116,0.372817,0.373537,0.375494,0.378783,0.383623,0.384343,0.384068,0.383972,0.383239,0.382139,0.371572,0.380515,0.398759,0.399357,0.387843,0.35702,0.346622,0.350566,0.358333,0.360302,0.34385,0.361647,0.361072,0.359438,0.36924,0.367935,0.367829,0.368635,0.369502,0.368251,0.367685,0.367881,0.368316,0.36497,0.36323,0.357217,0.351512,0.351787,0.358078,0.362961,0.360673,0.3581,0.355435,0.355683,0.35667,0.356064,0.355698,0.342364,0.31142,0.273189,0.245146,0.234272,0.228813,0.22418,0.220691,0.218669,0.217887,0.217836,0.219193,0.220177,0.221902,0.225158,0.228077,0.229414,0.230189,0.232608,0.238431,0.252117,0.26728,0.292595,0.330671,0.37312,0.388227,0.391955,0.3935,0.38577,0.350075,0.351128,0.364604,0.376811,0.376151,0.375326,0.373351,0.374687,0.37459,0.374612,0.374087,0.374202,0.374201]}